{"cameraMode":{"drawMode":0,"name":"Shaded","section":"Shading Mode"},"sceneLighting":true,"audioPlay":false,"sceneViewState":{"m_AlwaysRefresh":false,"showFog":true,"showSkybox":true,"showFlares":true,"showImageEffects":true,"showParticleSystems":true,"showVisualEffectGraphs":true,"m_FxEnabled":true},"in2DMode":false,"pivot":{"x":-1.4334369897842408,"y":0.37625813484191897,"z":-9.416522979736329},"rotation":{"x":-0.22162380814552308,"y":-0.014050288125872612,"z":0.003189121838659048,"w":-0.9750364422798157},"size":3.234205722808838,"orthographic":false}