{"cameraMode":{"drawMode":0,"name":"Shaded","section":"Shading Mode"},"sceneLighting":false,"audioPlay":false,"sceneViewState":{"m_AlwaysRefresh":false,"showFog":false,"showSkybox":false,"showFlares":false,"showImageEffects":false,"showParticleSystems":false,"showVisualEffectGraphs":true,"m_FxEnabled":true},"in2DMode":false,"pivot":{"x":-0.4988716244697571,"y":1.3243827819824219,"z":-1.6522749662399293},"rotation":{"x":-0.0036245996598154308,"y":0.9962896108627319,"z":-0.053851984441280368,"w":-0.06705550849437714},"size":1.8007161617279053,"orthographic":false}